Accuracy,1 Mismatch,2 Mismatches,3 Mismatches
0.9878677493494318,0.9998947868029918,1.0,1.0
