Accuracy,1 Mismatch,2 Mismatches,3 Mismatches
0.7341402795865355,0.9964765269357475,0.999962590863286,1.0
