Accuracy,1 Mismatch,2 Mismatches,3 Mismatches
0.9879805399217781,0.9998887087029794,1.0,1.0
