Accuracy,1 Mismatch,2 Mismatches,3 Mismatches
0.7326624057998664,0.99610480460428,0.9999364049731311,1.0
